Client,Sales,Profit
Cindy Stewart,5690.05,-6626.39
Grant Thornton,9351.21,-4108.66
Luke Foster,3930.51,-3583.98
Sharelle Roach,3233.48,-3333.91
Henry Goldwyn,3247.64,-2797.96
Nathan Cano,2218.99,-2204.81
Sean Braxton,8057.89,-2082.75
Sean Miller,25043.05,-1980.74
Christine Phan,5888.27,-1850.3
Natalie Fritzler,8322.83,-1695.97
Becky Martin,11789.63,-1659.96
Tracy Blumstein,4737.49,-1603.05
Dan Campbell,3336.17,-1441.63
David Bremer,2973.09,-1421.77
Rose O'Brian,3815.48,-1262.57
Tom Prescott,5329.0,-1087.39
Zuschuss Carroll,8025.71,-1032.15
Victoria Pisteka,3360.53,-1018.78
Shahid Shariari,3056.81,-1010.97
Olvera Toch,3818.62,-925.12
Victoria Wilson,6134.04,-874.66
Joseph Airdo,6491.03,-819.42
Paul Knutson,1441.15,-798.71
Jim Radford,1156.66,-785.16
Skye Norling,1860.42,-716.86
Barry Gonzalez,2798.95,-711.43
Tanja Norvell,3130.22,-692.05
Stewart Carmichael,4492.66,-671.19
Joseph Holt,7955.0,-644.7
Peter Fuller,9062.86,-614.29
Gary Hansen,2819.47,-576.83
Tracy Hopkins,4234.1,-571.97
Michelle Moray,2749.88,-520.34
Michael Grace,1242.83,-470.77
Ross Baird,5633.32,-461.73
Ryan Akin,1686.92,-445.69
Darrin Van Huff,1119.48,-427.18
Michael Kennedy,2302.37,-405.36
Maureen Gnade,1342.28,-398.79
Charles McCrossin,2533.31,-394.37
Lisa Ryan,1879.31,-382.81
Alan Haines,1587.45,-378.55
Muhammed Yedwab,4152.7,-371.71
Alex Avila,5563.56,-362.88
Noah Childs,1821.74,-359.02
Christopher Schild,3651.86,-342.8
Maureen Fritzler,937.04,-341.53
Cyma Kinney,1582.11,-338.43
Joni Sundaresam,469.17,-327.93
Beth Paige,2475.16,-319.06
Linda Southworth,2845.27,-318.77
Sam Craven,3362.96,-317.05
Joy Smith,2516.49,-311.26
Cindy Schnelling,1077.23,-302.88
Elpida Rittenbach,1245.79,-295.74
Troy Staebel,2820.42,-294.7
Barry Franz,1333.88,-291.38
Joni Blumstein,900.55,-286.98
Ann Blume,1515.86,-274.96
Stefania Perrino,5440.32,-270.43
Giulietta Weimer,2189.02,-268.54
Dorothy Wardle,1204.85,-266.9
John Dryer,2152.35,-266.55
Vivek Sundaresam,1055.98,-262.81
David Flashing,2390.53,-259.31
Aaron Smayling,3050.69,-253.57
Thea Hudgings,2942.77,-252.55
Matthew Clasen,795.15,-247.94
Anna Gayman,3489.04,-246.43
Lisa Hazard,318.24,-242.74
Maribeth Dona,3766.38,-241.95
Susan MacKendrick,1043.04,-237.29
Noel Staavos,2964.82,-234.77
Valerie Takahito,1736.6,-224.09
Alex Russell,1073.35,-215.97
Jack Lebron,1214.96,-207.8
Carol Darley,639.77,-206.72
Jill Trafton,144.59,-197.6
Benjamin Patterson,1181.49,-197.27
Amy Hunt,2495.39,-196.12
Lena Cacioppo,2580.7,-188.25
Toby Swindell,974.78,-184.98
Pauline Chand,1061.49,-184.34
Kelly Lampkin,5016.49,-182.78
Jill Stevenson,1417.65,-175.55
Randy Bradley,1008.2,-164.41
Art Foster,861.56,-163.12
Andy Gerbode,1455.04,-152.76
Katherine Nockton,2617.27,-151.15
Shahid Hopkins,2180.72,-144.52
Troy Blackwell,1387.56,-136.41
Harold Dahlen,251.36,-135.88
Thea Hendricks,2422.82,-135.21
Pamela Stobb,2181.48,-134.44
Eleni McCrary,2567.01,-133.83
Henia Zydlo,886.52,-130.39
Carlos Soltero,3036.55,-126.42
Sheri Gordon,1884.8,-119.01
Sibella Parks,1306.09,-118.78
Bruce Stewart,2562.38,-113.3
Darren Koutras,1687.04,-107.35
Arthur Wiediger,2852.97,-104.55
Allen Rosenblatt,2236.13,-98.76
Justin Hirsh,2256.39,-96.95
Vicky Freymann,847.94,-96.28
Gene Hale,1361.24,-95.45
Erica Hernandez,1219.53,-94.14
Mike Gockenbach,3061.54,-93.6
David Wiener,1080.75,-86.87
Michael Oakman,154.29,-82.01
Sean O'Donnell,2602.58,-81.09
Edward Becker,3236.31,-80.29
Bobby Trafton,603.88,-77.53
Maris LaWare,2921.5,-76.18
Sung Shariari,964.64,-75.59
Michael Knudson,225.7,-74.14
Ralph Ritter,615.93,-73.83
Mick Crebagga,2218.98,-64.17
Berenike Kampe,659.14,-63.76
Alyssa Crouse,925.8,-62.13
Barry Weirich,385.52,-58.29
Jim Sink,1131.06,-54.87
Dionis Lloyd,3539.32,-52.79
Erin Ashbrook,2846.7,-52.74
Neil Cohen,382.14,-52.74
Vivek Grady,427.37,-52.33
Laurel Beltran,4985.68,-52.19
Phillina Ober,1056.86,-49.7
Liz MacKendrick,1346.77,-44.88
Carlos Meador,565.39,-43.73
David Philippe,1058.62,-40.94
Denny Ordway,1300.03,-38.91
Joni Wasserman,1244.09,-29.58
Anna Chung,657.32,-28.7
Sally Matthias,244.49,-26.59
Nick Radford,2367.28,-25.15
Jennifer Halladay,309.28,-24.08
Michelle Tran,1319.45,-23.68
Sarah Jordon,1341.04,-23.51
Pete Takahito,160.57,-20.05
Scot Wooten,1085.08,-19.61
Jeremy Farry,1082.92,-18.07
Bill Stewart,3887.83,-17.53
Herbert Flentye,2533.16,-13.88
Jonathan Howell,959.48,-13.55
Neola Schneider,2575.86,-12.3
Anthony Garverick,170.58,-8.43
Guy Thornton,226.44,-6.14
Odella Nelson,1567.52,-5.89
Greg Hansen,146.94,-5.81
Alex Grayson,660.97,-5.14
Michael Dominguez,1204.91,-4.04
Susan Gilcrest,47.95,-3.71
Thais Sissman,4.83,-3.32
Adrian Hane,1735.51,-2.31
Mitch Gastineau,16.74,-1.25
Paul Lucas,239.48,-0.75
Jasper Cacioppo,71.26,-0.36
Karen Seio,88.47,0.11
Ritsa Hightower,740.38,0.31
Lela Donovan,5.3,0.46
Eric Barreto,944.6,0.6
Carl Jackson,16.52,1.65
Jason Gross,2240.58,3.8
Daniel Lacy,3272.2,4.21
Ricardo Emerson,48.36,6.04
George Bell,1568.44,7.84
Jennifer Sheldon,19.98,8.99
Roy Skaria,22.33,9.58
Ryan Crowe,885.75,10.56
Tony Sayre,2243.27,11.38
Barry Blumstein,744.34,11.58
Anthony O'Donnell,161.28,12.1
Larry Hughes,287.43,12.63
Ed Braxton,3644.98,13.62
Susan Pistek,3990.69,14.69
Larry Blacks,50.19,18.65
Melanie Seite,370.35,19.43
Janet Martin,3159.12,19.82
Evan Minnotte,366.82,21.77
Adrian Shami,58.82,21.85
Phillip Breyer,132.74,21.9
Fred Wasserman,79.75,23.49
Nicole Brennan,273.87,24.79
Beth Fritzler,791.99,25.87
Maureen Gastineau,2350.19,25.89
John Huston,528.91,26.08
Joy Daniels,385.43,26.76
Ed Ludwig,124.28,27.12
Roland Murray,98.35,28.69
Marc Harrigan,2394.03,28.76
Sung Chung,280.63,31.18
Guy Phonely,236.53,31.84
Laurel Workman,2238.06,32.58
Anemone Ratner,88.15,32.63
Alan Shonely,584.61,33.72
Clay Cheatham,113.83,33.87
Joel Jenkins,195.0,34.45
Russell D'Ascenzo,970.94,35.06
Greg Matthias,3163.63,35.49
Dorothy Dickinson,269.54,36.43
Brad Norvell,265.3,36.61
Patrick O'Brill,7473.83,38.48
Lycoris Saunders,368.88,39.2
Erin Mull,228.99,40.15
Muhammed Lee,162.23,42.66
Andrew Roberts,264.86,43.67
Patricia Hirasaki,729.65,47.89
Tom Stivers,2054.14,48.7
Karl Braun,1569.46,49.72
Stuart Calhoun,279.26,51.83
Eric Hoffmann,684.17,53.54
Janet Lee,2203.7,54.52
Joe Kamberova,4867.2,55.05
Michael Stewart,855.12,55.23
Jason Klamczynski,383.81,55.33
Dianna Arnett,156.76,56.79
Muhammed MacIntyre,775.41,58.89
Larry Tron,329.88,59.04
Aleksandra Gannaway,367.55,59.29
Mary O'Rourke,922.49,59.36
Bobby Odegard,130.83,59.45
Rachel Payne,954.65,59.54
Astrea Jones,629.25,60.43
Craig Yedwab,2900.03,60.65
Mark Haberlin,400.02,61.43
Roy Collins,966.41,63.99
Chuck Magee,287.99,64.43
Adam Shillingsburg,3255.31,64.54
Anthony Witt,649.38,65.77
Shirley Jackson,1318.78,68.1
Steven Ward,758.7,68.24
Allen Goldenen,200.94,69.28
Don Weiss,344.08,69.67
Robert Barroso,221.08,72.68
Clay Rozendal,2148.85,74.4
Rob Beeghly,528.55,76.89
Max Engle,1908.45,77.81
Michael Moore,3794.08,82.13
Cyra Reiten,1397.87,83.27
Angele Hood,738.5,83.96
MaryBeth Skach,475.66,84.03
Shui Tom,433.34,84.44
Maria Zettner,593.61,85.02
Neil Französisch,377.16,85.93
Catherine Glotzbach,904.47,86.51
Hilary Holden,218.67,86.73
Liz Carlisle,2095.06,86.78
Tamara Dahlen,1434.55,88.19
Khloe Miller,453.54,91.14
Charlotte Melton,1475.14,91.2
Tiffany House,1022.2,92.73
Tim Taslimi,439.5,93.92
Brendan Murry,808.16,95.58
Sean Wendt,1019.04,95.84
Erin Creighton,461.91,96.43
Eileen Kiefer,1303.48,97.11
Jason Fortune-,955.12,97.29
Heather Jas,358.1,98.65
Cynthia Voltz,2370.31,99.0
Helen Andreada,2584.16,99.14
Sonia Cooley,902.73,100.23
Alyssa Tate,1171.81,100.88
Eric Murdock,933.7,102.3
Andy Yotov,497.01,103.35
Emily Grady,1832.02,104.27
Cari Schnelling,537.63,105.83
Susan Vittorini,1903.49,106.89
Michelle Ellison,1256.94,107.36
Brooke Gillingham,1874.17,107.57
Kelly Williams,449.1,107.93
Jocasta Rupert,863.88,107.98
Dario Medina,1322.03,108.76
Dorothy Badders,3908.8,109.33
Liz Pelletier,756.61,110.78
Bart Folk,272.95,110.93
Julia Dunbar,695.44,111.11
Jill Matthias,303.95,113.12
Charles Sheldon,844.46,113.14
Kean Nguyen,2171.96,114.31
Vivian Mathis,380.69,116.64
Duane Huffman,1043.1,116.67
Brendan Dodson,320.54,116.71
Jim Mitchum,864.95,117.2
Henry MacAllister,736.28,117.28
Nona Balk,1972.6,117.64
Eugene Hildebrand,3143.48,117.81
Mick Brown,1428.23,117.81
Tony Chapman,1244.98,119.1
Bruce Geld,1006.36,119.35
Neil Knudson,572.05,121.22
Mike Caudle,1582.0,121.76
Matt Hagelstein,1252.8,122.36
Julie Kriz,2932.48,122.66
Joy Bell-,644.12,126.76
Brad Thomas,415.2,126.87
Aaron Bergman,886.16,129.35
Debra Catini,1174.62,132.07
Sonia Sunley,418.49,135.54
Ann Steele,833.4,136.49
Guy Armstrong,1398.38,136.71
Patrick Gardner,3086.91,137.46
Bryan Mills,1338.84,137.74
Michelle Lonsdale,742.08,138.72
Brad Eason,1727.65,139.2
Tracy Poddar,1936.64,139.23
Bryan Davis,658.47,141.26
Chloris Kastensmidt,3154.86,141.28
Brian Derr,582.65,141.53
Vivek Gonzalez,846.01,143.63
Chad Sievert,884.64,143.83
Sanjit Jacobs,3949.66,144.12
Corey Roper,475.9,144.76
Emily Phan,5478.06,144.96
Harry Greene,785.63,147.0
Lori Olson,644.35,150.17
Cassandra Brandow,6076.14,150.21
Erica Hackney,825.95,150.38
Anthony Jacobs,4867.34,150.71
Julia West,1428.73,154.06
Cindy Chapman,1659.44,154.85
Annie Zypern,1622.02,154.95
Chuck Sachs,550.64,156.26
Kimberly Carter,1146.05,156.78
Sarah Bern,1348.02,157.67
Paul MacIntyre,1405.4,157.88
Laurel Elliston,1469.45,161.76
Erica Bern,1643.26,162.88
Mathew Reese,639.18,162.94
David Smith,2881.81,163.7
Jesus Ocampo,1090.84,167.67
Sally Knutson,883.41,168.79
Meg O'Connel,1687.03,169.34
Claire Gute,1148.78,169.93
Dean Braden,2332.58,169.97
Mick Hernandez,5503.09,170.97
Michael Granlund,776.38,171.74
Rob Haberlin,2085.74,172.63
Jennifer Braxton,1830.49,174.71
Dorris liebe,755.6,175.24
Craig Molinari,3984.45,176.31
Duane Benoit,1155.2,177.67
Magdelene Morse,1314.02,178.4
Thomas Brumley,816.17,179.0
Eugene Barchas,3071.13,184.77
Cari Sayre,1278.95,185.38
Hallie Redmond,1299.29,185.58
James Peterman,515.2,186.68
Craig Carreira,2269.7,187.84
Greg Maxwell,6049.97,188.72
Mark Van Huff,1560.05,189.03
Parhena Norris,1467.15,192.04
Liz Willingham,1259.04,192.63
Darrin Sayre,1762.21,193.33
Bryan Spruell,949.43,194.05
Kean Thornton,4642.09,194.07
Alice McCarthy,814.01,194.99
Cathy Hwang,1537.24,195.15
Matt Connell,2258.19,195.45
Philip Fox,2770.0,196.87
Frank Merwin,3736.2,198.11
Paul Stevenson,1278.64,198.51
Stuart Van,1271.09,199.65
Don Miller,1376.79,199.77
Shirley Schmidt,613.4,199.93
Jennifer Jackson,709.18,200.56
Julia Barnett,2518.12,201.52
Julie Creighton,858.58,201.6
Jas O'Carroll,1934.27,202.14
Cynthia Arntzen,3041.57,204.49
Victor Preis,993.9,205.39
Corey-Lock,1300.08,205.63
John Grady,1507.02,206.1
Brian DeCherney,1538.11,206.76
Roger Demir,1419.74,207.33
Chad Cunningham,1770.94,208.59
Bruce Galang,609.88,208.66
Richard Eichhorn,876.7,209.23
James Lanier,1571.52,209.28
Barry Pond,983.42,209.78
Dean Katz,4802.39,209.9
Matt Collins,1303.89,210.75
Cathy Armstrong,1679.72,211.26
Maria Bertelson,1548.7,212.42
Darren Budd,2839.23,213.0
Candace McMahon,1673.89,214.46
Frank Olsen,2678.44,215.6
Nathan Gelder,1395.94,217.09
Tracy Collins,742.56,217.93
Fred McMath,2732.0,218.01
Peter Bühler,688.32,218.16
Toby Ritter,675.94,220.36
Trudy Schmidt,3368.09,220.92
Joel Eaton,6760.81,221.8
Denise Leinenbach,585.02,222.68
Pete Armstrong,729.41,225.86
Mike Pelletier,5087.92,226.45
Barbara Fisher,599.8,227.44
Mike Kennedy,1031.6,227.83
Sandra Flanagan,763.55,228.16
John Lee,9799.92,228.91
Craig Leslie,2353.59,229.01
Sean Christensen,3979.07,229.16
Patrick Bzostek,740.36,229.23
Giulietta Dortch,1888.07,230.94
Logan Currie,2633.58,231.13
Christina DeMoss,1205.58,233.03
Kelly Andreada,1519.51,234.92
Shahid Collister,5992.54,236.66
Maya Herman,2203.78,238.56
Brian Stugart,3288.11,238.74
Eudokia Martin,1041.04,240.24
Darren Powers,1050.64,241.45
Evan Henry,923.88,242.11
Roger Barcio,2067.45,243.08
Luke Schmidt,1010.26,244.2
Christine Abelman,1421.95,246.02
Erin Smith,4657.92,246.67
Ben Wallace,1738.41,247.0
Maurice Satty,1613.4,247.43
Patrick Ryan,1840.18,247.62
Zuschuss Donatelli,1493.94,249.13
Filia McAdams,2456.64,249.68
David Kendrick,797.83,249.94
Becky Castell,2933.68,251.6
Kean Takahito,3057.1,254.0
Bill Tyler,2186.61,257.92
Tim Brockman,1602.38,260.62
Stefanie Holloman,2096.39,260.63
Theresa Swint,2163.62,260.87
Christine Kargatis,2945.32,261.22
Emily Burns,2767.22,261.53
Lindsay Shagiari,2988.67,262.64
Alan Barnes,1215.02,262.73
Alejandro Ballentine,914.53,264.57
Theresa Coyne,1038.26,265.53
Stephanie Phelps,1872.44,268.48
Todd Boyes,834.33,268.97
Ralph Kennedy,1460.19,269.69
Helen Abelman,2163.3,270.86
Christy Brittain,1949.2,272.39
Pamela Coakley,1832.06,272.69
Mike Vittorini,1734.57,273.86
Katrina Bavinger,908.82,274.3
Harold Engle,883.53,274.4
Jeremy Ellison,1388.68,276.22
Allen Armold,1056.39,277.38
Thomas Thornton,1427.04,278.74
Bill Overfelt,2682.73,278.78
John Castell,2772.05,279.57
Christina Anderson,2648.29,279.62
Roy Französisch,945.22,280.03
Philip Brown,1456.95,280.66
Michelle Arnett,2453.28,280.78
Maxwell Schwartz,3144.68,280.86
Adam Hart,3250.34,281.19
Evan Bailliet,1186.33,282.17
Anne Pryor,1638.55,285.79
Sarah Foster,3422.79,286.9
Linda Cazamias,4492.95,288.27
Delfina Latchford,1458.26,288.87
Matt Collister,2426.07,288.98
Michael Nguyen,2477.95,290.82
Dennis Bolton,1081.47,291.01
Tony Molinari,1094.68,292.52
Ken Brennan,983.92,293.55
Andrew Gjertsen,2356.86,295.67
Ann Chong,2537.69,298.83
Lindsay Castell,3246.63,299.48
Barry Französisch,2888.51,302.02
Russell Applegate,4793.54,304.87
Craig Reiter,1600.55,306.92
Julie Prescott,1707.71,309.71
Nat Gilpin,1869.58,313.63
Aimee Bixby,966.71,313.66
Chuck Clark,4606.95,314.22
Benjamin Venier,1523.27,315.22
Logan Haushalter,1739.69,316.52
Art Ferguson,2052.91,317.97
Ross DeVincentis,1137.62,318.46
Maribeth Yedwab,2254.28,319.12
Ivan Gibson,744.57,320.5
Liz Thompson,2936.25,320.97
Dan Lawera,1503.11,322.24
Carl Ludwig,1262.01,328.08
Katherine Ducich,1888.96,328.59
Harry Olson,1087.92,329.35
Kristina Nunn,2280.58,329.76
Jay Fein,1911.84,330.2
Jay Kimmel,2709.63,330.28
Corey Catlett,2540.63,331.43
Saphhira Shifley,1324.03,332.35
Scott Williamson,1966.65,332.87
Dean percer,7198.76,333.36
Bruce Degenhardt,1526.5,333.98
Paul Gonzalez,1987.16,334.52
Liz Preis,3653.4,338.45
Bradley Nguyen,1459.34,340.71
Matthew Grinstein,3785.28,341.9
Nancy Lomonaco,1418.09,343.64
Arthur Gainer,4510.8,343.68
Don Jones,2501.69,345.25
Gary McGarr,3582.82,347.27
Lynn Smith,1008.14,348.36
Tracy Zic,2234.95,349.45
Dianna Vittorini,3341.59,353.21
Natalie DeCherney,4326.14,353.65
Alejandro Savely,3214.24,354.63
Georgia Rosenberg,1284.38,359.83
Ben Peterman,3675.86,363.6
Chris McAfee,2305.71,365.04
Aaron Hawkins,1744.7,365.22
Trudy Glocke,2074.66,365.72
Sam Zeldin,3625.33,366.43
Steve Carroll,1254.64,370.16
Carl Weiss,1136.59,370.83
Victoria Brennan,2005.6,371.24
Harold Pawlan,1990.31,373.86
Dennis Kane,3318.49,377.08
Shaun Chance,1875.0,379.56
Trudy Brown,2797.67,379.88
Brendan Sweed,2454.93,381.78
Ed Jacobs,2162.17,387.02
Ted Butterfield,1467.88,390.21
Raymond Messe,1453.47,392.15
Charles Crestani,2471.65,392.28
Chris Cortes,3913.42,393.96
Jessica Myrick,2070.06,394.63
Katrina Edelman,1686.73,397.88
Carol Triggs,4503.62,400.86
Nick Zandusky,2488.31,402.42
Cynthia Delaney,1860.73,403.84
Frank Preis,4046.75,406.45
Chad McGuire,1661.61,409.07
Bradley Talbott,2684.49,409.5
Max Ludwig,2071.91,409.51
Beth Thompson,2567.66,417.59
Carlos Daly,2033.97,426.66
Cathy Prescott,5402.25,427.03
Jennifer Patt,1669.13,429.75
Daniel Byrd,2171.6,431.37
Paul Van Hugh,2876.05,434.53
Andrew Allen,1790.51,435.83
Patrick O'Donnell,2493.21,437.85
Doug Bickford,1989.05,438.8
Scot Coram,4371.96,440.14
Gene McClure,1255.68,441.32
Patrick Jones,1220.09,442.14
Neil Ducich,2893.45,443.34
Brian Thompson,3196.75,447.75
Eva Jacobs,2656.69,451.88
Justin Ritter,2201.69,452.37
Katharine Harms,3312.86,454.79
Ruben Dartt,3133.92,455.53
Monica Federle,1758.3,456.86
Marc Crier,2725.98,461.0
Speros Goranitis,3124.83,463.27
Deanra Eno,2550.87,464.47
Resi Pölking,5153.08,465.25
Dave Brooks,4531.65,473.03
Michelle Huthwaite,2984.95,476.9
Richard Bierner,2663.09,477.24
Rick Duston,4272.93,480.59
Steve Nguyen,3127.96,481.75
Denny Joy,2012.52,483.04
Mark Hamilton,2456.18,484.77
Stewart Visinsky,4105.31,485.03
Rob Lucas,6234.91,488.15
Toby Braunhardt,2198.45,490.96
Christina VanderZanden,2830.63,493.09
Anthony Rawles,4523.34,494.84
Edward Nazzal,2199.37,496.11
Clytie Kelty,2372.75,497.71
Janet Molinari,1804.15,502.61
Jenna Caffey,1058.11,502.92
Meg Tillman,2890.14,509.01
Valerie Mitchum,2454.87,513.53
Nora Pelletier,1228.7,514.5
Nora Paige,3908.4,514.6
Irene Maddox,4930.47,514.65
Frank Atkinson,2984.05,520.52
Ashley Jarboe,1839.24,521.14
Benjamin Farhat,1585.16,523.21
Lena Hernandez,2295.33,526.07
Peter McVee,4115.66,526.75
Sara Luxemburg,3053.01,527.97
Katherine Hughes,3100.61,528.21
Lena Radford,5142.89,535.48
Dave Kipp,2650.56,536.39
Ken Dana,2243.51,539.72
Sylvia Foulston,3336.54,539.94
Duane Noonan,2139.79,540.54
Ralph Arnett,2617.91,546.09
Lisa DeCherney,1961.93,557.17
Sally Hughsby,3406.84,558.47
Lauren Leatherbury,2741.2,560.01
Deirdre Greer,3195.82,562.78
Dave Poirier,2215.0,563.18
Rick Hansen,3621.38,563.79
John Stevenson,3868.02,564.98
Sung Pak,4282.94,566.72
Sandra Glassco,3406.58,570.44
Tamara Manning,2955.23,573.3
Jamie Frazer,2279.59,575.13
Arthur Prichep,3323.56,579.31
Ken Black,2744.74,579.36
Nat Carroll,2461.4,580.31
Jack O'Briant,3254.95,581.4
Juliana Krohn,3747.67,586.66
Phillip Flathmann,2206.13,591.31
Jeremy Lonsdale,3173.87,591.72
Roy Phan,2170.72,594.59
Mark Packer,3206.13,600.29
Toby Carlisle,4266.81,606.37
Suzanne McNair,5695.79,610.11
Sue Ann Reed,4767.34,610.15
Steve Chapman,2576.41,611.83
Nora Preis,7903.18,631.23
Ricardo Sperren,3221.29,633.45
Randy Ferguson,3309.15,633.71
Kalyca Meade,2260.96,635.11
Jennifer Ferguson,2371.45,635.64
Rick Bensley,4715.47,640.55
Becky Pak,1697.86,647.38
Brian Dahlen,3332.87,655.71
Keith Herrera,5952.86,656.12
Ellis Ballard,4358.13,656.2
Doug O'Connell,2043.3,658.78
Lindsay Williams,3230.31,662.83
Michael Paige,4198.83,666.49
Emily Ducich,3484.92,670.44
Xylona Preis,2503.16,675.96
Scott Cohen,3756.51,679.01
Toby Gnade,3058.37,682.17
Elizabeth Moffitt,2339.6,682.55
Pauline Johnson,1824.23,683.0
Jack Garza,2358.68,684.19
Marina Lichtenstein,2722.84,684.92
William Brown,6327.27,692.39
Frank Gastineau,2124.78,692.43
Michael Chen,3805.71,698.42
Rob Williams,3279.75,698.83
Bart Pistole,3350.87,702.96
Fred Harton,2271.28,706.29
Robert Waldorf,3495.65,707.55
Kelly Collister,3908.26,709.42
Roland Fjeld,2341.3,711.62
Fred Chung,3889.37,714.29
Alan Schoenberger,4260.78,719.78
Rick Reed,3302.26,721.68
Ken Heidel,3918.97,727.38
Doug Jacobs,3356.4,731.56
Rob Dowd,2912.89,734.52
Tamara Willingham,5278.83,737.39
Chris Selesnick,2754.22,738.36
Kunst Miller,4909.47,745.77
Jim Karlsson,3760.03,750.95
Ted Trevino,4915.6,751.96
Justin MacKendrick,2833.93,754.11
Bobby Elias,2261.44,755.92
Jeremy Pistek,3635.59,757.18
Nicole Hansen,2673.29,760.17
Stephanie Ulpright,2595.36,763.47
Karen Bern,3152.61,763.91
John Lucas,2725.26,779.9
Mary Zewe,2564.91,787.75
Neoma Murray,2161.98,788.95
Justin Ellison,2697.25,789.65
Alejandro Grove,2720.39,792.48
Gary Mitchum,3078.62,793.28
Shaun Weien,2921.54,793.65
Brosina Hoffman,6255.35,802.79
Pauline Webber,3454.92,803.82
Hunter Glantz,3690.28,804.61
Ken Lonsdale,14175.23,806.85
Thomas Boland,3589.3,829.16
Christine Sundaresam,3202.16,831.94
Robert Dilbeck,2786.63,835.77
Luke Weiss,5420.51,837.24
George Ashbrook,3919.78,840.9
Deborah Brumfield,4655.9,841.83
Maribeth Schnelling,7443.69,844.94
Karen Carlisle,2120.95,846.12
Craig Carroll,2854.12,850.16
Anna Andreadi,5086.94,857.8
Caroline Jumper,11164.97,858.74
George Zrebassa,2529.11,860.69
Thomas Seio,5371.09,862.89
Arianne Irving,4375.79,867.73
Damala Kotsonis,3256.48,881.12
Sarah Brown,6411.0,885.46
Bart Watters,4750.36,921.26
Dana Kaydos,4282.18,937.65
Heather Kirkland,4877.78,956.95
Katherine Murray,5620.19,973.79
Annie Thurman,3831.86,974.11
Ionia McGrath,2872.63,975.77
Erica Smith,3510.46,1003.29
Sample Company A,4624.57,1011.74
Brenda Bowman,6765.73,1015.07
Natalie Webber,7234.01,1023.12
Claudia Bergmann,4246.46,1049.56
Jonathan Doherty,7610.86,1050.27
Max Jones,6320.75,1054.55
Jill Fjeld,4198.33,1073.21
Frank Hawley,4256.27,1073.27
Anne McFarland,5664.02,1085.73
Gary Zandusky,4355.15,1087.75
Bill Donatelli,5718.52,1094.5
Karen Daniels,8282.36,1107.7
Ivan Liston,5040.74,1121.94
Tonja Turnell,5364.81,1124.5
Theone Pippenger,4454.06,1129.13
Giulietta Baptist,4716.29,1135.84
Bradley Drucker,4411.24,1142.12
Carol Adams,3789.72,1143.38
Philisse Overcash,4893.04,1155.43
Anthony Johnson,4501.39,1158.71
Nicole Fjeld,7003.07,1167.1
Jim Kriz,4760.43,1172.53
Gary Hwang,4172.85,1176.42
Dave Hallsten,4932.87,1193.74
Harold Ryan,5248.79,1196.95
Seth Vernon,11470.95,1199.42
Quincy Jones,6108.34,1203.68
Roland Schwarz,4159.77,1206.39
Naresj Patel,5529.62,1208.89
Frank Carlisle,3418.74,1217.17
Jamie Kunitz,4427.14,1219.98
Denny Blanton,3674.68,1221.02
Kristen Hastings,5990.8,1227.51
Mitch Webber,5341.9,1238.42
Matt Abelman,4299.16,1240.23
Steven Cartwright,5226.21,1276.65
Lena Creighton,7663.13,1288.35
Rick Huthwaite,6979.18,1289.45
Pierre Wener,3922.41,1290.35
Ruben Ausman,3832.31,1292.87
Anna Häberlin,7888.29,1298.02
Yoseph Carroll,5454.35,1305.63
Alan Hwang,4805.34,1308.55
Nick Crebassa,8241.74,1314.76
Denise Monton,4074.47,1319.06
Eugene Moren,4588.44,1319.37
Dianna Wilson,5271.63,1348.76
Amy Cox,5527.85,1366.01
Edward Hooks,10310.88,1393.52
Greg Guthrie,8584.09,1415.24
James Galang,6366.39,1415.67
Joe Elijah,10461.46,1443.18
Grace Kelly,6497.27,1448.55
Bill Eplett,4204.68,1487.77
Paul Prost,7252.61,1495.09
Dennis Pardue,5480.72,1571.83
Corinna Mitchell,6339.56,1572.46
John Murray,7625.08,1574.62
Rick Wilson,7397.4,1586.63
Valerie Dominguez,6442.25,1617.79
Justin Deggeller,8828.03,1619.52
Jim Epp,7754.98,1623.4
Dan Reichenbach,6528.03,1641.86
Karen Ferguson,10604.27,1660.14
Mitch Willingham,5253.88,1665.52
Darrin Martin,6345.1,1677.39
Penelope Sewall,6843.63,1742.73
Katrina Willman,4416.52,1756.13
Yana Sorensen,6720.44,1778.29
Mark Cousins,4432.14,1802.39
Maria Etezadi,10663.73,1859.47
Alan Dominguez,6106.88,1869.93
Robert Marley,5979.1,1902.54
Clay Ludtke,10880.55,1933.78
Ben Ferrer,8430.14,1980.33
Shirley Daniels,6121.11,1985.17
Steven Roelle,4345.89,1990.42
Pete Kriz,8646.93,2038.27
Fred Hopkins,6987.2,2050.28
Adam Bellavance,7755.62,2054.59
Laura Armstrong,8673.22,2059.12
Greg Tran,11820.12,2163.43
Helen Wasserman,9300.25,2164.16
Christopher Conant,12129.07,2177.05
Brian Moss,7294.19,2199.28
Todd Sumrall,11891.75,2371.71
Harry Marie,8236.76,2437.98
Jane Waco,8846.35,2530.51
Bill Shonely,10501.65,2616.06
Sanjit Engle,12209.44,2650.68
Nathan Mautz,6459.34,2751.68
Tom Boeckenhauer,9133.99,2798.37
Daniel Raglin,8350.87,2869.08
Andy Reiter,6608.45,2884.62
Keith Dawkins,8181.26,3038.63
Christopher Martinez,8954.02,3899.89
Tom Ashbrook,14595.62,4703.79
Adrian Barton,14473.57,5444.81
Hunter Lopez,12873.3,5622.43
Sanjit Chand,14142.33,5757.41
Raymond Buch,15117.34,6976.1
Tamara Chand,19052.22,8981.32
